train_loss_mean,train_loss_std,train_accuracy_mean,train_accuracy_std,train_loss_importance_vector_0_mean,train_loss_importance_vector_0_std,train_loss_importance_vector_1_mean,train_loss_importance_vector_1_std,train_loss_importance_vector_2_mean,train_loss_importance_vector_2_std,train_loss_importance_vector_3_mean,train_loss_importance_vector_3_std,train_loss_importance_vector_4_mean,train_loss_importance_vector_4_std,train_learning_rate_mean,train_learning_rate_std,val_loss_mean,val_loss_std,val_accuracy_mean,val_accuracy_std,val_loss_importance_vector_0_mean,val_loss_importance_vector_0_std,val_loss_importance_vector_1_mean,val_loss_importance_vector_1_std,val_loss_importance_vector_2_mean,val_loss_importance_vector_2_std,val_loss_importance_vector_3_mean,val_loss_importance_vector_3_std,val_loss_importance_vector_4_mean,val_loss_importance_vector_4_std,epoch,epoch_run_time
18.252528533935546,5.205889759411719,0.40634666752815246,0.07368814008466404,0.20000000298023224,0.0,0.20000000298023224,0.0,0.20000000298023224,0.0,0.20000000298023224,0.0,0.20000000298023224,0.0,0.0010000000000000005,4.336808689942018e-19,15.969359143575032,0.33619908888774663,0.3910222229361534,0.059878824655673756,0.20000000298023224,0.0,0.20000000298023224,0.0,0.20000000298023224,0.0,0.20000000298023224,0.0,0.20000000298023224,0.0,1,115.24870443344116
15.65600087928772,0.4122668810082743,0.4628133330345154,0.0673392443058777,0.18666666746139526,0.0,0.18666666746139526,0.0,0.18666666746139526,0.0,0.18666666746139526,0.0,0.25333333015441895,0.0,0.0010000000000000005,4.336808689942018e-19,15.890692796707153,0.32307840415667766,0.42264444490273795,0.054655549679866904,0.18666666746139526,0.0,0.18666666746139526,0.0,0.18666666746139526,0.0,0.18666666746139526,0.0,0.25333333015441895,0.0,2,107.35048604011536
15.375871786117553,0.5026739806758247,0.5003599996566772,0.07246242957568674,0.1733333319425583,0.0,0.1733333319425583,0.0,0.1733333319425583,0.0,0.1733333319425583,0.0,0.30666667222976685,0.0,0.0010000000000000005,4.336808689942018e-19,15.79335704167684,0.36879190808122575,0.44517777850230533,0.0603520993114998,0.1733333319425583,0.0,0.1733333319425583,0.0,0.1733333319425583,0.0,0.1733333319425583,0.0,0.30666667222976685,0.0,3,109.4461715221405
15.111123918533325,0.49126403053330914,0.5325999998450279,0.06814817057114793,0.1599999964237213,0.0,0.1599999964237213,0.0,0.1599999964237213,0.0,0.1599999964237213,0.0,0.36000001430511475,0.0,0.0010000000000000005,4.336808689942018e-19,15.497192401885986,0.4149667265269241,0.48037777890761696,0.061200383804835556,0.1599999964237213,0.0,0.1599999964237213,0.0,0.1599999964237213,0.0,0.1599999964237213,0.0,0.36000001430511475,0.0,4,108.33640813827515
14.892568500518799,0.506740262322426,0.5607199993133545,0.06583087215575155,0.14666666090488434,0.0,0.14666666090488434,0.0,0.14666666090488434,0.0,0.14666666090488434,0.0,0.41333332657814026,0.0,0.0010000000000000005,4.336808689942018e-19,15.341561082204183,0.458411103013418,0.49344444572925567,0.06166686744430682,0.14666666090488434,0.0,0.14666666090488434,0.0,0.14666666090488434,0.0,0.14666666090488434,0.0,0.41333332657814026,0.0,5,106.85719227790833
14.75748031425476,0.5368672164724133,0.5700800000429154,0.06963966143384955,0.13333334028720856,0.0,0.13333334028720856,0.0,0.13333334028720856,0.0,0.13333334028720856,0.0,0.46666666865348816,0.0,0.0010000000000000005,4.336808689942018e-19,15.376243883768717,0.42950323528087975,0.4886444445451101,0.060558628240681894,0.13333334028720856,0.0,0.13333334028720856,0.0,0.13333334028720856,0.0,0.13333334028720856,0.0,0.46666666865348816,0.0,6,107.03475069999695
14.613638801574707,0.5453115639391668,0.5844533337950707,0.06952977888826598,0.11999999731779099,0.0,0.11999999731779099,0.0,0.11999999731779099,0.0,0.11999999731779099,0.0,0.5199999809265137,0.0,0.0010000000000000005,4.336808689942018e-19,15.27909299214681,0.4263369225829987,0.5051333341995875,0.06308269707768467,0.11999999731779099,0.0,0.11999999731779099,0.0,0.11999999731779099,0.0,0.11999999731779099,0.0,0.5199999809265137,0.0,7,107.59747457504272
14.530254583358765,0.5531366633903017,0.5956799996495247,0.06493350350784233,0.1066666692495346,0.0,0.1066666692495346,0.0,0.1066666692495346,0.0,0.1066666692495346,0.0,0.5733333230018616,0.0,0.0010000000000000005,4.336808689942018e-19,15.330794401168824,0.4283792164033827,0.5058222207427024,0.060208509520173245,0.1066666692495346,0.0,0.1066666692495346,0.0,0.1066666692495346,0.0,0.1066666692495346,0.0,0.5733333230018616,0.0,8,107.66481947898865
14.48712790298462,0.5751135309303407,0.5991999984979629,0.06911555565261035,0.09333333373069763,0.0,0.09333333373069763,0.0,0.09333333373069763,0.0,0.09333333373069763,0.0,0.6266666650772095,0.0,0.0010000000000000005,4.336808689942018e-19,15.27710098584493,0.4328493358454255,0.5116888880729675,0.06013287320222927,0.09333333373069763,0.0,0.09333333373069763,0.0,0.09333333373069763,0.0,0.09333333373069763,0.0,0.6266666650772095,0.0,9,106.40563726425171
14.452789505004883,0.5677059073980154,0.6011733322739601,0.06531871477434054,0.07999999821186066,0.0,0.07999999821186066,0.0,0.07999999821186066,0.0,0.07999999821186066,0.0,0.6800000071525574,0.0,0.0010000000000000005,4.336808689942018e-19,15.181001663208008,0.4355233354657235,0.5192222227652867,0.059368174007761156,0.07999999821186066,0.0,0.07999999821186066,0.0,0.07999999821186066,0.0,0.07999999821186066,0.0,0.6800000071525574,0.0,10,107.03092575073242
14.273609828948974,0.5764427496268221,0.6170266654491424,0.0675906240464829,0.06666667014360428,0.0,0.06666667014360428,0.0,0.06666667014360428,0.0,0.06666667014360428,0.0,0.7333333492279053,0.0,0.0010000000000000005,4.336808689942018e-19,15.042926003138223,0.45894715264727715,0.5258444426457087,0.06059511703369714,0.06666667014360428,0.0,0.06666667014360428,0.0,0.06666667014360428,0.0,0.06666667014360428,0.0,0.7333333492279053,0.0,11,107.8414466381073
14.295642930984497,0.6188412409494893,0.6149733325242996,0.0692581288458725,0.0533333346247673,0.0,0.0533333346247673,0.0,0.0533333346247673,0.0,0.0533333346247673,0.0,0.7866666913032532,0.0,0.0010000000000000005,4.336808689942018e-19,15.084272181193034,0.4639229231371144,0.528933333158493,0.06252859361630075,0.0533333346247673,0.0,0.0533333346247673,0.0,0.0533333346247673,0.0,0.0533333346247673,0.0,0.7866666913032532,0.0,12,106.2369167804718
14.237942235946655,0.5769642395963791,0.6174533328413964,0.06645034146763518,0.03999999910593033,0.0,0.03999999910593033,0.0,0.03999999910593033,0.0,0.03999999910593033,0.0,0.8399999737739563,0.0,0.0010000000000000005,4.336808689942018e-19,15.100134811401368,0.4278242486778156,0.5262222219506899,0.06234273844975257,0.03999999910593033,0.0,0.03999999910593033,0.0,0.03999999910593033,0.0,0.03999999910593033,0.0,0.8399999737739563,0.0,13,107.13972330093384
14.115600198745728,0.6172673622767659,0.6298133325576782,0.06993877195451112,0.02666666731238365,0.0,0.02666666731238365,0.0,0.02666666731238365,0.0,0.02666666731238365,0.0,0.8933333158493042,0.0,0.0010000000000000005,4.336808689942018e-19,14.976946147282918,0.49615239602087496,0.5376222189267477,0.06065425427675322,0.02666666731238365,0.0,0.02666666731238365,0.0,0.02666666731238365,0.0,0.02666666731238365,0.0,0.8933333158493042,0.0,14,107.59531378746033
14.106598819732666,0.5992158154044782,0.6298399994373322,0.06594456478428014,0.013333333656191826,0.0,0.013333333656191826,0.0,0.013333333656191826,0.0,0.013333333656191826,0.0,0.9466666579246521,0.0,0.0010000000000000005,4.336808689942018e-19,14.96060738245646,0.4821937923634645,0.5289333349466324,0.06210781430895143,0.013333333656191826,0.0,0.013333333656191826,0.0,0.013333333656191826,0.0,0.013333333656191826,0.0,0.9466666579246521,0.0,15,106.51077270507812
14.11421823310852,0.6357292274814311,0.6287466649413109,0.06961693832832147,0.006000000052154064,0.0,0.006000000052154064,0.0,0.006000000052154064,0.0,0.006000000052154064,0.0,0.9760000109672546,0.0,0.0010000000000000005,4.336808689942018e-19,14.936776059468587,0.46765965275522176,0.5414444436629613,0.060052959739637146,0.006000000052154064,0.0,0.006000000052154064,0.0,0.006000000052154064,0.0,0.006000000052154064,0.0,0.9760000109672546,0.0,16,106.37344002723694
13.989260129928589,0.6170552725891775,0.6408799993991852,0.06595573534014283,0.006000000052154064,0.0,0.006000000052154064,0.0,0.006000000052154064,0.0,0.006000000052154064,0.0,0.9760000109672546,0.0,0.0010000000000000005,4.336808689942018e-19,14.952336842219035,0.5029113176502122,0.5343777767817179,0.06449075168771605,0.006000000052154064,0.0,0.006000000052154064,0.0,0.006000000052154064,0.0,0.006000000052154064,0.0,0.9760000109672546,0.0,17,107.61857891082764
13.974080657958984,0.6518767477198564,0.6395866664648056,0.06614131569118223,0.006000000052154064,0.0,0.006000000052154064,0.0,0.006000000052154064,0.0,0.006000000052154064,0.0,0.9760000109672546,0.0,0.0010000000000000005,4.336808689942018e-19,14.906958564122517,0.5108006412268645,0.5385999995470047,0.0634324002502714,0.006000000052154064,0.0,0.006000000052154064,0.0,0.006000000052154064,0.0,0.006000000052154064,0.0,0.9760000109672546,0.0,18,107.5386335849762
13.966079263687133,0.6749047924969667,0.6388666654229164,0.06984080390084571,0.006000000052154064,0.0,0.006000000052154064,0.0,0.006000000052154064,0.0,0.006000000052154064,0.0,0.9760000109672546,0.0,0.0010000000000000005,4.336808689942018e-19,14.822619806925456,0.5167108589691832,0.5466222209731738,0.060270974882305234,0.006000000052154064,0.0,0.006000000052154064,0.0,0.006000000052154064,0.0,0.006000000052154064,0.0,0.9760000109672546,0.0,19,106.18124771118164
13.903935535430907,0.673423924003652,0.6431466660499573,0.07047055017638226,0.006000000052154064,0.0,0.006000000052154064,0.0,0.006000000052154064,0.0,0.006000000052154064,0.0,0.9760000109672546,0.0,0.0010000000000000005,4.336808689942018e-19,14.743710826237997,0.5266352538283215,0.5406000007192294,0.06266970400259766,0.006000000052154064,0.0,0.006000000052154064,0.0,0.006000000052154064,0.0,0.006000000052154064,0.0,0.9760000109672546,0.0,20,107.23669862747192
13.900991369247437,0.653926176964318,0.6453466663956642,0.06849064730689228,0.006000000052154064,0.0,0.006000000052154064,0.0,0.006000000052154064,0.0,0.006000000052154064,0.0,0.9760000109672546,0.0,0.0010000000000000005,4.336808689942018e-19,14.91691110610962,0.48634500109902495,0.552955552637577,0.06194625519601114,0.006000000052154064,0.0,0.006000000052154064,0.0,0.006000000052154064,0.0,0.006000000052154064,0.0,0.9760000109672546,0.0,21,107.7001256942749
13.814293714523316,0.6210656461401644,0.6530933325886726,0.06631195913470846,0.006000000052154064,0.0,0.006000000052154064,0.0,0.006000000052154064,0.0,0.006000000052154064,0.0,0.9760000109672546,0.0,0.0010000000000000005,4.336808689942018e-19,14.793490931193034,0.5030503770931101,0.5523555557926496,0.06198392486895178,0.006000000052154064,0.0,0.006000000052154064,0.0,0.006000000052154064,0.0,0.006000000052154064,0.0,0.9760000109672546,0.0,22,106.0542311668396
13.758313920974732,0.6436572554253321,0.6594533330798149,0.06985040522867007,0.006000000052154064,0.0,0.006000000052154064,0.0,0.006000000052154064,0.0,0.006000000052154064,0.0,0.9760000109672546,0.0,0.0010000000000000005,4.336808689942018e-19,14.836174573898315,0.49766590329938676,0.564244443277518,0.06274627905652154,0.006000000052154064,0.0,0.006000000052154064,0.0,0.006000000052154064,0.0,0.006000000052154064,0.0,0.9760000109672546,0.0,23,107.13798236846924
13.77349956703186,0.6771989098530448,0.6597999995946884,0.06796898165936918,0.006000000052154064,0.0,0.006000000052154064,0.0,0.006000000052154064,0.0,0.006000000052154064,0.0,0.9760000109672546,0.0,0.0010000000000000005,4.336808689942018e-19,14.622471698125203,0.5557882594165644,0.5635555555423101,0.06237125088758117,0.006000000052154064,0.0,0.006000000052154064,0.0,0.006000000052154064,0.0,0.006000000052154064,0.0,0.9760000109672546,0.0,24,107.92896342277527
13.711060428619385,0.6619941135658237,0.6648933333158493,0.0659896441171875,0.006000000052154064,0.0,0.006000000052154064,0.0,0.006000000052154064,0.0,0.006000000052154064,0.0,0.9760000109672546,0.0,0.0010000000000000005,4.336808689942018e-19,14.7242751121521,0.5425826623397971,0.5536888882517814,0.06086919228006921,0.006000000052154064,0.0,0.006000000052154064,0.0,0.006000000052154064,0.0,0.006000000052154064,0.0,0.9760000109672546,0.0,25,106.88819932937622
13.653459758758546,0.6990694394699702,0.6704533321261406,0.06895969074132022,0.006000000052154064,0.0,0.006000000052154064,0.0,0.006000000052154064,0.0,0.006000000052154064,0.0,0.9760000109672546,0.0,0.0010000000000000005,4.336808689942018e-19,14.770807590484619,0.526756542244131,0.5601999992132187,0.062049835775385614,0.006000000052154064,0.0,0.006000000052154064,0.0,0.006000000052154064,0.0,0.006000000052154064,0.0,0.9760000109672546,0.0,26,106.30321598052979
13.585551387786865,0.6897235824367567,0.6756399987339974,0.0673809340546329,0.006000000052154064,0.0,0.006000000052154064,0.0,0.006000000052154064,0.0,0.006000000052154064,0.0,0.9760000109672546,0.0,0.0010000000000000005,4.336808689942018e-19,14.757140947977701,0.5023653824412153,0.5731777749458948,0.05822922213508659,0.006000000052154064,0.0,0.006000000052154064,0.0,0.006000000052154064,0.0,0.006000000052154064,0.0,0.9760000109672546,0.0,27,107.47709441184998
13.590145050048829,0.6933093486330439,0.6743066673874855,0.06537301011831013,0.006000000052154064,0.0,0.006000000052154064,0.0,0.006000000052154064,0.0,0.006000000052154064,0.0,0.9760000109672546,0.0,0.0010000000000000005,4.336808689942018e-19,14.66238551457723,0.5413579086332903,0.5692444424827894,0.061978665306541246,0.006000000052154064,0.0,0.006000000052154064,0.0,0.006000000052154064,0.0,0.006000000052154064,0.0,0.9760000109672546,0.0,28,107.59720921516418
13.611948400497436,0.6779122757473035,0.6744533329606056,0.06507150861381729,0.006000000052154064,0.0,0.006000000052154064,0.0,0.006000000052154064,0.0,0.006000000052154064,0.0,0.9760000109672546,0.0,0.0010000000000000005,4.336808689942018e-19,14.688618707656861,0.5151216731806102,0.5727555547157923,0.059508787599709304,0.006000000052154064,0.0,0.006000000052154064,0.0,0.006000000052154064,0.0,0.006000000052154064,0.0,0.9760000109672546,0.0,29,106.18316650390625
13.657072191238404,0.7213166770637606,0.6699200013875961,0.0686433151541318,0.006000000052154064,0.0,0.006000000052154064,0.0,0.006000000052154064,0.0,0.006000000052154064,0.0,0.9760000109672546,0.0,0.0010000000000000005,4.336808689942018e-19,14.604763717651368,0.5653795967053301,0.5649999990065893,0.06280864539429645,0.006000000052154064,0.0,0.006000000052154064,0.0,0.006000000052154064,0.0,0.006000000052154064,0.0,0.9760000109672546,0.0,30,107.22639298439026
13.514182065963745,0.6985207033536287,0.6825199993252754,0.06590198800123187,0.006000000052154064,0.0,0.006000000052154064,0.0,0.006000000052154064,0.0,0.006000000052154064,0.0,0.9760000109672546,0.0,0.0010000000000000005,4.336808689942018e-19,14.654157034556071,0.5540345726383975,0.5723111101984978,0.061136093725634076,0.006000000052154064,0.0,0.006000000052154064,0.0,0.006000000052154064,0.0,0.006000000052154064,0.0,0.9760000109672546,0.0,31,107.77294659614563
13.514682645797729,0.7394591250457817,0.6806266674995423,0.06768067735335641,0.006000000052154064,0.0,0.006000000052154064,0.0,0.006000000052154064,0.0,0.006000000052154064,0.0,0.9760000109672546,0.0,0.0010000000000000005,4.336808689942018e-19,14.680726013183595,0.5524507578634209,0.5693111096819242,0.060967260370855474,0.006000000052154064,0.0,0.006000000052154064,0.0,0.006000000052154064,0.0,0.006000000052154064,0.0,0.9760000109672546,0.0,32,106.1168007850647
13.454945919036865,0.6978098363694049,0.6864799997806549,0.06409410390819419,0.006000000052154064,0.0,0.006000000052154064,0.0,0.006000000052154064,0.0,0.006000000052154064,0.0,0.9760000109672546,0.0,0.0010000000000000005,4.336808689942018e-19,14.458684269587199,0.5837816296848033,0.5831777755419413,0.061012246887632515,0.006000000052154064,0.0,0.006000000052154064,0.0,0.006000000052154064,0.0,0.006000000052154064,0.0,0.9760000109672546,0.0,33,106.91204452514648
13.462794582366943,0.749393491723391,0.684479999601841,0.06740406136916231,0.006000000052154064,0.0,0.006000000052154064,0.0,0.006000000052154064,0.0,0.006000000052154064,0.0,0.9760000109672546,0.0,0.0010000000000000005,4.336808689942018e-19,14.762977698644002,0.5154548270703704,0.5755333308378855,0.061028626475850924,0.006000000052154064,0.0,0.006000000052154064,0.0,0.006000000052154064,0.0,0.006000000052154064,0.0,0.9760000109672546,0.0,34,107.88033699989319
13.541536952972413,0.727662638302245,0.67770666629076,0.06826147923626914,0.006000000052154064,0.0,0.006000000052154064,0.0,0.006000000052154064,0.0,0.006000000052154064,0.0,0.9760000109672546,0.0,0.0010000000000000005,4.336808689942018e-19,14.630630919138591,0.5374949775891806,0.5736888886491458,0.06114360418620811,0.006000000052154064,0.0,0.006000000052154064,0.0,0.006000000052154064,0.0,0.006000000052154064,0.0,0.9760000109672546,0.0,35,107.01437258720398
13.401131229400635,0.7639922876290719,0.691306665956974,0.06727310361035685,0.006000000052154064,0.0,0.006000000052154064,0.0,0.006000000052154064,0.0,0.006000000052154064,0.0,0.9760000109672546,0.0,0.0010000000000000005,4.336808689942018e-19,14.58914049466451,0.5731737165279196,0.5822666636109353,0.06341085199175671,0.006000000052154064,0.0,0.006000000052154064,0.0,0.006000000052154064,0.0,0.006000000052154064,0.0,0.9760000109672546,0.0,36,106.45147395133972
13.401995155334472,0.7372244297739107,0.6887466643452644,0.06508205411582721,0.006000000052154064,0.0,0.006000000052154064,0.0,0.006000000052154064,0.0,0.006000000052154064,0.0,0.9760000109672546,0.0,0.0010000000000000005,4.336808689942018e-19,14.593084090550741,0.5410929437237093,0.58177777638038,0.060345507159713575,0.006000000052154064,0.0,0.006000000052154064,0.0,0.006000000052154064,0.0,0.006000000052154064,0.0,0.9760000109672546,0.0,37,107.25906109809875
13.355118949890137,0.7214170911954982,0.6943733328580857,0.06943571422741505,0.006000000052154064,0.0,0.006000000052154064,0.0,0.006000000052154064,0.0,0.006000000052154064,0.0,0.9760000109672546,0.0,0.0010000000000000005,4.336808689942018e-19,14.613012386957804,0.5597173318129315,0.5744666651884714,0.06450992426371312,0.006000000052154064,0.0,0.006000000052154064,0.0,0.006000000052154064,0.0,0.006000000052154064,0.0,0.9760000109672546,0.0,38,107.91791319847107
13.408312328338623,0.7667909793033046,0.6879733328819275,0.06867688716321683,0.006000000052154064,0.0,0.006000000052154064,0.0,0.006000000052154064,0.0,0.006000000052154064,0.0,0.9760000109672546,0.0,0.0010000000000000005,4.336808689942018e-19,14.489676157633463,0.5725167529991041,0.5776888892054558,0.06258144008035432,0.006000000052154064,0.0,0.006000000052154064,0.0,0.006000000052154064,0.0,0.006000000052154064,0.0,0.9760000109672546,0.0,39,106.67226982116699
13.337470235824584,0.7680453595706203,0.6945866666436196,0.06808251766313135,0.006000000052154064,0.0,0.006000000052154064,0.0,0.006000000052154064,0.0,0.006000000052154064,0.0,0.9760000109672546,0.0,0.0010000000000000005,4.336808689942018e-19,14.56328174273173,0.5692029923344027,0.5839777778585752,0.06283452418697129,0.006000000052154064,0.0,0.006000000052154064,0.0,0.006000000052154064,0.0,0.006000000052154064,0.0,0.9760000109672546,0.0,40,107.30275177955627
13.366652574539184,0.752198598606017,0.6937200012207031,0.06596249394103691,0.006000000052154064,0.0,0.006000000052154064,0.0,0.006000000052154064,0.0,0.006000000052154064,0.0,0.9760000109672546,0.0,0.0010000000000000005,4.336808689942018e-19,14.706220169067382,0.5161456695556734,0.5818222214778265,0.0575005138565179,0.006000000052154064,0.0,0.006000000052154064,0.0,0.006000000052154064,0.0,0.006000000052154064,0.0,0.9760000109672546,0.0,41,107.87739586830139
13.302488706588745,0.736121261075793,0.69665333288908,0.06654588997175025,0.006000000052154064,0.0,0.006000000052154064,0.0,0.006000000052154064,0.0,0.006000000052154064,0.0,0.9760000109672546,0.0,0.0010000000000000005,4.336808689942018e-19,14.596016082763672,0.5385582801329826,0.5814000003536542,0.062484096708268044,0.006000000052154064,0.0,0.006000000052154064,0.0,0.006000000052154064,0.0,0.006000000052154064,0.0,0.9760000109672546,0.0,42,107.20228719711304
13.306372570037842,0.7317056043524381,0.6984133337736129,0.06658974091132176,0.006000000052154064,0.0,0.006000000052154064,0.0,0.006000000052154064,0.0,0.006000000052154064,0.0,0.9760000109672546,0.0,0.0010000000000000005,4.336808689942018e-19,14.472132832209269,0.5901654263416177,0.5806666643420855,0.062457095045261646,0.006000000052154064,0.0,0.006000000052154064,0.0,0.006000000052154064,0.0,0.006000000052154064,0.0,0.9760000109672546,0.0,43,107.95702886581421
13.299590579986573,0.7540495044427082,0.6992399999499321,0.06663632713929946,0.006000000052154064,0.0,0.006000000052154064,0.0,0.006000000052154064,0.0,0.006000000052154064,0.0,0.9760000109672546,0.0,0.0010000000000000005,4.336808689942018e-19,14.54155990600586,0.5469050823048766,0.5872666645050049,0.0643952712685743,0.006000000052154064,0.0,0.006000000052154064,0.0,0.006000000052154064,0.0,0.006000000052154064,0.0,0.9760000109672546,0.0,44,108.0004346370697
13.283493253707885,0.7647056003067221,0.6986133332848549,0.0681608347294564,0.006000000052154064,0.0,0.006000000052154064,0.0,0.006000000052154064,0.0,0.006000000052154064,0.0,0.9760000109672546,0.0,0.0010000000000000005,4.336808689942018e-19,14.614768905639648,0.5538636611342126,0.5834666670362154,0.06194487444091768,0.006000000052154064,0.0,0.006000000052154064,0.0,0.006000000052154064,0.0,0.006000000052154064,0.0,0.9760000109672546,0.0,45,107.66792511940002
13.267981105804443,0.7887727766207419,0.7019866662621498,0.07171709609798099,0.006000000052154064,0.0,0.006000000052154064,0.0,0.006000000052154064,0.0,0.006000000052154064,0.0,0.9760000109672546,0.0,0.0010000000000000005,4.336808689942018e-19,14.47229208946228,0.5633540865605372,0.5903777769207954,0.06362626601826399,0.006000000052154064,0.0,0.006000000052154064,0.0,0.006000000052154064,0.0,0.006000000052154064,0.0,0.9760000109672546,0.0,46,107.19131565093994
13.230396375656127,0.7593194911558272,0.7056800001263619,0.0686537515325034,0.006000000052154064,0.0,0.006000000052154064,0.0,0.006000000052154064,0.0,0.006000000052154064,0.0,0.9760000109672546,0.0,0.0010000000000000005,4.336808689942018e-19,14.622306671142578,0.5372751656495864,0.5831777774294218,0.05735766442464009,0.006000000052154064,0.0,0.006000000052154064,0.0,0.006000000052154064,0.0,0.006000000052154064,0.0,0.9760000109672546,0.0,47,107.35281705856323
13.20133930015564,0.7856390172830906,0.7075733340382576,0.06863672604467028,0.006000000052154064,0.0,0.006000000052154064,0.0,0.006000000052154064,0.0,0.006000000052154064,0.0,0.9760000109672546,0.0,0.0010000000000000005,4.336808689942018e-19,14.512251262664796,0.5320507756720246,0.5888888906439146,0.06309624111862767,0.006000000052154064,0.0,0.006000000052154064,0.0,0.006000000052154064,0.0,0.006000000052154064,0.0,0.9760000109672546,0.0,48,108.38681268692017
13.205935977935791,0.7817688791496373,0.7073733335733414,0.06895111419616222,0.006000000052154064,0.0,0.006000000052154064,0.0,0.006000000052154064,0.0,0.006000000052154064,0.0,0.9760000109672546,0.0,0.0010000000000000005,4.336808689942018e-19,14.463016945521037,0.5769774459605171,0.5880666660269102,0.05919680874977628,0.006000000052154064,0.0,0.006000000052154064,0.0,0.006000000052154064,0.0,0.006000000052154064,0.0,0.9760000109672546,0.0,49,106.77806615829468
13.205378765106202,0.7384736772973844,0.7064000008106232,0.06606340469535081,0.006000000052154064,0.0,0.006000000052154064,0.0,0.006000000052154064,0.0,0.006000000052154064,0.0,0.9760000109672546,0.0,0.0010000000000000005,4.336808689942018e-19,14.501180572509766,0.5663816060237202,0.5888444422682126,0.0641133120097167,0.006000000052154064,0.0,0.006000000052154064,0.0,0.006000000052154064,0.0,0.006000000052154064,0.0,0.9760000109672546,0.0,50,107.33109736442566
13.257185787200928,0.7978244196137713,0.7039999984502793,0.0691510423701721,0.006000000052154064,0.0,0.006000000052154064,0.0,0.006000000052154064,0.0,0.006000000052154064,0.0,0.9760000109672546,0.0,0.0010000000000000005,4.336808689942018e-19,14.59133392016093,0.5430555473651437,0.5850222219030062,0.0611637104854289,0.006000000052154064,0.0,0.006000000052154064,0.0,0.006000000052154064,0.0,0.006000000052154064,0.0,0.9760000109672546,0.0,51,107.31388187408447
13.117530117034912,0.7838834800102532,0.7142133325338363,0.06420196630259455,0.006000000052154064,0.0,0.006000000052154064,0.0,0.006000000052154064,0.0,0.006000000052154064,0.0,0.9760000109672546,0.0,0.0010000000000000005,4.336808689942018e-19,14.611870311101278,0.5616574114408102,0.5855777769287427,0.06225752624534301,0.006000000052154064,0.0,0.006000000052154064,0.0,0.006000000052154064,0.0,0.006000000052154064,0.0,0.9760000109672546,0.0,52,112.71879243850708
13.18036311531067,0.8075571647005504,0.7112266665697098,0.0690005301741759,0.006000000052154064,0.0,0.006000000052154064,0.0,0.006000000052154064,0.0,0.006000000052154064,0.0,0.9760000109672546,0.0,0.0010000000000000005,4.336808689942018e-19,14.531377420425414,0.5593613269185832,0.5949777772029241,0.06291881459060103,0.006000000052154064,0.0,0.006000000052154064,0.0,0.006000000052154064,0.0,0.006000000052154064,0.0,0.9760000109672546,0.0,53,113.20566201210022
13.175372825622558,0.8559184732675286,0.7093466674685478,0.06806676390910514,0.006000000052154064,0.0,0.006000000052154064,0.0,0.006000000052154064,0.0,0.006000000052154064,0.0,0.9760000109672546,0.0,0.0010000000000000005,4.336808689942018e-19,14.852563174565633,0.5382536007095781,0.5868222219745318,0.061324681032270616,0.006000000052154064,0.0,0.006000000052154064,0.0,0.006000000052154064,0.0,0.006000000052154064,0.0,0.9760000109672546,0.0,54,108.18121385574341
13.20224607849121,0.8870599564897823,0.7057733343839645,0.06961482644833195,0.006000000052154064,0.0,0.006000000052154064,0.0,0.006000000052154064,0.0,0.006000000052154064,0.0,0.9760000109672546,0.0,0.0010000000000000005,4.336808689942018e-19,15.02255202293396,0.5986272715751935,0.5667777775724729,0.06381096588333873,0.006000000052154064,0.0,0.006000000052154064,0.0,0.006000000052154064,0.0,0.006000000052154064,0.0,0.9760000109672546,0.0,55,107.14555644989014
13.17548478126526,0.8845683357291598,0.7084933333396911,0.06627448873908537,0.006000000052154064,0.0,0.006000000052154064,0.0,0.006000000052154064,0.0,0.006000000052154064,0.0,0.9760000109672546,0.0,0.0010000000000000005,4.336808689942018e-19,14.444224653244019,0.5858188049574925,0.5933111112316449,0.06088847914685489,0.006000000052154064,0.0,0.006000000052154064,0.0,0.006000000052154064,0.0,0.006000000052154064,0.0,0.9760000109672546,0.0,56,106.42142462730408
13.173362840652466,0.9276175738428643,0.709799999833107,0.06623899620905978,0.006000000052154064,0.0,0.006000000052154064,0.0,0.006000000052154064,0.0,0.006000000052154064,0.0,0.9760000109672546,0.0,0.0010000000000000005,4.336808689942018e-19,14.04333916346232,0.7694191354884771,0.5980888886253038,0.05648644127516097,0.006000000052154064,0.0,0.006000000052154064,0.0,0.006000000052154064,0.0,0.006000000052154064,0.0,0.9760000109672546,0.0,57,107.46121406555176
13.159645223617554,0.8781746694719033,0.7118533337712288,0.06976809642219597,0.006000000052154064,0.0,0.006000000052154064,0.0,0.006000000052154064,0.0,0.006000000052154064,0.0,0.9760000109672546,0.0,0.0010000000000000005,4.336808689942018e-19,14.450414091746012,0.5936649338557067,0.5857111091415087,0.0634313112198499,0.006000000052154064,0.0,0.006000000052154064,0.0,0.006000000052154064,0.0,0.006000000052154064,0.0,0.9760000109672546,0.0,58,107.93469095230103
13.111943033218385,0.8783922663277541,0.7150399999022484,0.0669747756416933,0.006000000052154064,0.0,0.006000000052154064,0.0,0.006000000052154064,0.0,0.006000000052154064,0.0,0.9760000109672546,0.0,0.0010000000000000005,4.336808689942018e-19,14.582639045715332,0.5613836909203408,0.5889777751763662,0.06443595320760809,0.006000000052154064,0.0,0.006000000052154064,0.0,0.006000000052154064,0.0,0.006000000052154064,0.0,0.9760000109672546,0.0,59,106.7030987739563
13.077711153030396,0.8975929782616073,0.713733333349228,0.0670894592789768,0.006000000052154064,0.0,0.006000000052154064,0.0,0.006000000052154064,0.0,0.006000000052154064,0.0,0.9760000109672546,0.0,0.0010000000000000005,4.336808689942018e-19,14.386739072799683,0.7190635242499825,0.5906666647394498,0.06231580296896647,0.006000000052154064,0.0,0.006000000052154064,0.0,0.006000000052154064,0.0,0.006000000052154064,0.0,0.9760000109672546,0.0,60,107.387770652771
13.077449991226196,0.951518562548248,0.7152133333086967,0.06996331693356053,0.006000000052154064,0.0,0.006000000052154064,0.0,0.006000000052154064,0.0,0.006000000052154064,0.0,0.9760000109672546,0.0,0.0010000000000000005,4.336808689942018e-19,14.991770683924358,0.560377714515518,0.5829111101229986,0.06026828584938442,0.006000000052154064,0.0,0.006000000052154064,0.0,0.006000000052154064,0.0,0.006000000052154064,0.0,0.9760000109672546,0.0,61,108.1617283821106
13.11548941230774,0.9347943359763697,0.7140800005793572,0.06942284508877679,0.006000000052154064,0.0,0.006000000052154064,0.0,0.006000000052154064,0.0,0.006000000052154064,0.0,0.9760000109672546,0.0,0.0010000000000000005,4.336808689942018e-19,14.718710737228394,0.6222607693799048,0.5904666669170062,0.05974951385297388,0.006000000052154064,0.0,0.006000000052154064,0.0,0.006000000052154064,0.0,0.006000000052154064,0.0,0.9760000109672546,0.0,62,106.4652099609375
13.016339153289795,0.937195048006198,0.7256533325910568,0.0683067923568096,0.006000000052154064,0.0,0.006000000052154064,0.0,0.006000000052154064,0.0,0.006000000052154064,0.0,0.9760000109672546,0.0,0.0010000000000000005,4.336808689942018e-19,14.445831772486368,0.7053019447250815,0.5929555540283521,0.06124394142695072,0.006000000052154064,0.0,0.006000000052154064,0.0,0.006000000052154064,0.0,0.006000000052154064,0.0,0.9760000109672546,0.0,63,107.00098252296448
12.998081544876099,0.9763949492094222,0.7257866660356521,0.06583567872165716,0.006000000052154064,0.0,0.006000000052154064,0.0,0.006000000052154064,0.0,0.006000000052154064,0.0,0.9760000109672546,0.0,0.0010000000000000005,4.336808689942018e-19,14.770948718388876,0.6098629889665454,0.5914666654666265,0.058188047348766606,0.006000000052154064,0.0,0.006000000052154064,0.0,0.006000000052154064,0.0,0.006000000052154064,0.0,0.9760000109672546,0.0,64,107.92515277862549
13.050214206695557,0.8902144136261344,0.7207066664695739,0.06646862746491358,0.006000000052154064,0.0,0.006000000052154064,0.0,0.006000000052154064,0.0,0.006000000052154064,0.0,0.9760000109672546,0.0,0.0010000000000000005,4.336808689942018e-19,14.614026295344035,0.6286734927490338,0.5968888884782791,0.06278790456841385,0.006000000052154064,0.0,0.006000000052154064,0.0,0.006000000052154064,0.0,0.006000000052154064,0.0,0.9760000109672546,0.0,65,107.0985677242279
13.090372102737426,0.8807636252082648,0.7173199988007546,0.0674317432910966,0.006000000052154064,0.0,0.006000000052154064,0.0,0.006000000052154064,0.0,0.006000000052154064,0.0,0.9760000109672546,0.0,0.0010000000000000005,4.336808689942018e-19,14.275553340911864,0.7100386690669869,0.5970888885855675,0.05903645547069568,0.006000000052154064,0.0,0.006000000052154064,0.0,0.006000000052154064,0.0,0.006000000052154064,0.0,0.9760000109672546,0.0,66,106.345285654068
13.014524408340455,0.8970051757812652,0.7238666664361953,0.06485662841067504,0.006000000052154064,0.0,0.006000000052154064,0.0,0.006000000052154064,0.0,0.006000000052154064,0.0,0.9760000109672546,0.0,0.0010000000000000005,4.336808689942018e-19,14.726329431533813,0.6253654641960557,0.5869999999801317,0.06301587312929643,0.006000000052154064,0.0,0.006000000052154064,0.0,0.006000000052154064,0.0,0.006000000052154064,0.0,0.9760000109672546,0.0,67,107.76936769485474
12.96552766609192,0.8734564857855374,0.7314933325052262,0.06978055140081556,0.006000000052154064,0.0,0.006000000052154064,0.0,0.006000000052154064,0.0,0.006000000052154064,0.0,0.9760000109672546,0.0,0.0010000000000000005,4.336808689942018e-19,14.416047010421753,0.581820321421573,0.6031111120184263,0.06277138580824168,0.006000000052154064,0.0,0.006000000052154064,0.0,0.006000000052154064,0.0,0.006000000052154064,0.0,0.9760000109672546,0.0,68,108.1137261390686
12.932465589523316,0.8523107718867395,0.73248000061512,0.06368101353067564,0.006000000052154064,0.0,0.006000000052154064,0.0,0.006000000052154064,0.0,0.006000000052154064,0.0,0.9760000109672546,0.0,0.0010000000000000005,4.336808689942018e-19,14.795705620447794,0.5878544162676089,0.5893333306908608,0.06150700181768133,0.006000000052154064,0.0,0.006000000052154064,0.0,0.006000000052154064,0.0,0.006000000052154064,0.0,0.9760000109672546,0.0,69,109.35297656059265
13.00966188621521,0.8873991864807008,0.7281066663265229,0.06918231715036388,0.006000000052154064,0.0,0.006000000052154064,0.0,0.006000000052154064,0.0,0.006000000052154064,0.0,0.9760000109672546,0.0,0.0010000000000000005,4.336808689942018e-19,14.641578830083212,0.6254170534400754,0.6056888888279597,0.062117626099045996,0.006000000052154064,0.0,0.006000000052154064,0.0,0.006000000052154064,0.0,0.006000000052154064,0.0,0.9760000109672546,0.0,70,113.75412631034851
12.923629531860351,0.8915700642867268,0.7342266668081283,0.0635218404354174,0.006000000052154064,0.0,0.006000000052154064,0.0,0.006000000052154064,0.0,0.006000000052154064,0.0,0.9760000109672546,0.0,0.0010000000000000005,4.336808689942018e-19,14.845984862645468,0.544989580900981,0.5987333334485689,0.06119328180545344,0.006000000052154064,0.0,0.006000000052154064,0.0,0.006000000052154064,0.0,0.006000000052154064,0.0,0.9760000109672546,0.0,71,108.19929432868958
12.958889841079712,0.896133217881869,0.7326933324337006,0.06382573048885379,0.006000000052154064,0.0,0.006000000052154064,0.0,0.006000000052154064,0.0,0.006000000052154064,0.0,0.9760000109672546,0.0,0.0010000000000000005,4.336808689942018e-19,14.539624169667562,0.6152889609359565,0.6060444436470668,0.06256657086329348,0.006000000052154064,0.0,0.006000000052154064,0.0,0.006000000052154064,0.0,0.006000000052154064,0.0,0.9760000109672546,0.0,72,106.41711044311523
12.925959205627441,0.9262590023113613,0.7354400000572204,0.0655669788515303,0.006000000052154064,0.0,0.006000000052154064,0.0,0.006000000052154064,0.0,0.006000000052154064,0.0,0.9760000109672546,0.0,0.0010000000000000005,4.336808689942018e-19,14.466568972269695,0.6672026412783691,0.5981999999284744,0.06062774151745618,0.006000000052154064,0.0,0.006000000052154064,0.0,0.006000000052154064,0.0,0.006000000052154064,0.0,0.9760000109672546,0.0,73,107.55695056915283
12.931690000534058,0.9203020222987807,0.7343599992990494,0.06892517171409437,0.006000000052154064,0.0,0.006000000052154064,0.0,0.006000000052154064,0.0,0.006000000052154064,0.0,0.9760000109672546,0.0,0.0010000000000000005,4.336808689942018e-19,14.82258898417155,0.5501424058753644,0.5972222220897675,0.061556258323158794,0.006000000052154064,0.0,0.006000000052154064,0.0,0.006000000052154064,0.0,0.006000000052154064,0.0,0.9760000109672546,0.0,74,108.12771463394165
12.907564094543456,0.8734366244552235,0.7369599994421006,0.06129856468379713,0.006000000052154064,0.0,0.006000000052154064,0.0,0.006000000052154064,0.0,0.006000000052154064,0.0,0.9760000109672546,0.0,0.0010000000000000005,4.336808689942018e-19,14.465629113515218,0.6431504663245415,0.6069111094872157,0.06197800962958368,0.006000000052154064,0.0,0.006000000052154064,0.0,0.006000000052154064,0.0,0.006000000052154064,0.0,0.9760000109672546,0.0,75,107.38366365432739
12.879217288970947,0.9091904462655962,0.7400533317327499,0.06573209481486961,0.006000000052154064,0.0,0.006000000052154064,0.0,0.006000000052154064,0.0,0.006000000052154064,0.0,0.9760000109672546,0.0,0.0010000000000000005,4.336808689942018e-19,14.688458239237468,0.5999980311399862,0.6040666662653287,0.06103474579546648,0.006000000052154064,0.0,0.006000000052154064,0.0,0.006000000052154064,0.0,0.006000000052154064,0.0,0.9760000109672546,0.0,76,106.80488300323486
12.907835216522217,0.9303100011008426,0.7373600000739098,0.06644067774017923,0.006000000052154064,0.0,0.006000000052154064,0.0,0.006000000052154064,0.0,0.006000000052154064,0.0,0.9760000109672546,0.0,0.0010000000000000005,4.336808689942018e-19,14.74545495669047,0.5575011659719219,0.6000000003973643,0.05989620511545222,0.006000000052154064,0.0,0.006000000052154064,0.0,0.006000000052154064,0.0,0.006000000052154064,0.0,0.9760000109672546,0.0,77,107.75299596786499
12.91257494354248,0.8619420626675782,0.7367600002288819,0.06485053090316471,0.006000000052154064,0.0,0.006000000052154064,0.0,0.006000000052154064,0.0,0.006000000052154064,0.0,0.9760000109672546,0.0,0.0010000000000000005,4.336808689942018e-19,14.79761329650879,0.5707039206426645,0.5946222206950188,0.0635689038639769,0.006000000052154064,0.0,0.006000000052154064,0.0,0.006000000052154064,0.0,0.006000000052154064,0.0,0.9760000109672546,0.0,78,108.15827775001526
12.860430599212647,0.8799548962280158,0.7428666672706604,0.06383628268915964,0.006000000052154064,0.0,0.006000000052154064,0.0,0.006000000052154064,0.0,0.006000000052154064,0.0,0.9760000109672546,0.0,0.0010000000000000005,4.336808689942018e-19,14.415590305328369,0.6412691663717406,0.6007999977469445,0.060100754977953634,0.006000000052154064,0.0,0.006000000052154064,0.0,0.006000000052154064,0.0,0.006000000052154064,0.0,0.9760000109672546,0.0,79,106.58874273300171
12.878490850448609,0.8395688964548192,0.7399066666960716,0.06580165470948178,0.006000000052154064,0.0,0.006000000052154064,0.0,0.006000000052154064,0.0,0.006000000052154064,0.0,0.9760000109672546,0.0,0.0010000000000000005,4.336808689942018e-19,14.604896933237711,0.585744641134668,0.6016666668653489,0.06113040089115568,0.006000000052154064,0.0,0.006000000052154064,0.0,0.006000000052154064,0.0,0.006000000052154064,0.0,0.9760000109672546,0.0,80,107.43637800216675
12.829158863067628,0.8236443973895677,0.7473333332538604,0.06249693234455871,0.006000000052154064,0.0,0.006000000052154064,0.0,0.006000000052154064,0.0,0.006000000052154064,0.0,0.9760000109672546,0.0,0.0010000000000000005,4.336808689942018e-19,14.575980418523153,0.6071530485392456,0.6133111095428467,0.05985042637316983,0.006000000052154064,0.0,0.006000000052154064,0.0,0.006000000052154064,0.0,0.006000000052154064,0.0,0.9760000109672546,0.0,81,107.93860340118408
12.858825973510742,0.8745762553202027,0.7441866660118103,0.06355036950125807,0.006000000052154064,0.0,0.006000000052154064,0.0,0.006000000052154064,0.0,0.006000000052154064,0.0,0.9760000109672546,0.0,0.0010000000000000005,4.336808689942018e-19,14.590683345794679,0.5866552523327401,0.6116666652758916,0.05891896328571003,0.006000000052154064,0.0,0.006000000052154064,0.0,0.006000000052154064,0.0,0.006000000052154064,0.0,0.9760000109672546,0.0,82,106.27763962745667
12.851630601882935,0.8681949746943048,0.7459199995994568,0.0686839638170656,0.006000000052154064,0.0,0.006000000052154064,0.0,0.006000000052154064,0.0,0.006000000052154064,0.0,0.9760000109672546,0.0,0.0010000000000000005,4.336808689942018e-19,14.558944813410442,0.5956429545144396,0.608755555152893,0.062390106705655736,0.006000000052154064,0.0,0.006000000052154064,0.0,0.006000000052154064,0.0,0.006000000052154064,0.0,0.9760000109672546,0.0,83,107.21673083305359
12.827407520294189,0.850010504921209,0.7465333332419395,0.062417802648908935,0.006000000052154064,0.0,0.006000000052154064,0.0,0.006000000052154064,0.0,0.006000000052154064,0.0,0.9760000109672546,0.0,0.0010000000000000005,4.336808689942018e-19,14.623108898798625,0.5727288740174229,0.5995333309968313,0.06170602983592048,0.006000000052154064,0.0,0.006000000052154064,0.0,0.006000000052154064,0.0,0.006000000052154064,0.0,0.9760000109672546,0.0,84,107.8063907623291
12.798018896102905,0.8857005257557738,0.7494266681671142,0.06659015796301634,0.006000000052154064,0.0,0.006000000052154064,0.0,0.006000000052154064,0.0,0.006000000052154064,0.0,0.9760000109672546,0.0,0.0010000000000000005,4.336808689942018e-19,14.58200657526652,0.5783816490638688,0.6111777763565381,0.0588804660223911,0.006000000052154064,0.0,0.006000000052154064,0.0,0.006000000052154064,0.0,0.006000000052154064,0.0,0.9760000109672546,0.0,85,107.05348706245422
12.845972122192382,0.8419815669600907,0.7466666654348374,0.061134459017151005,0.006000000052154064,0.0,0.006000000052154064,0.0,0.006000000052154064,0.0,0.006000000052154064,0.0,0.9760000109672546,0.0,0.0010000000000000005,4.336808689942018e-19,14.504409894943237,0.6155102561116378,0.6061777767539024,0.060804954379030114,0.006000000052154064,0.0,0.006000000052154064,0.0,0.006000000052154064,0.0,0.006000000052154064,0.0,0.9760000109672546,0.0,86,106.32375454902649
12.844729850769044,0.8363174032977393,0.7468399990797043,0.06307431967665127,0.006000000052154064,0.0,0.006000000052154064,0.0,0.006000000052154064,0.0,0.006000000052154064,0.0,0.9760000109672546,0.0,0.0010000000000000005,4.336808689942018e-19,14.507006944020588,0.6220240718955372,0.6151555557052294,0.06055494932248752,0.006000000052154064,0.0,0.006000000052154064,0.0,0.006000000052154064,0.0,0.006000000052154064,0.0,0.9760000109672546,0.0,87,107.45424509048462
12.809890279769897,0.8857780961849839,0.7488133343458175,0.06695083216436254,0.006000000052154064,0.0,0.006000000052154064,0.0,0.006000000052154064,0.0,0.006000000052154064,0.0,0.9760000109672546,0.0,0.0010000000000000005,4.336808689942018e-19,14.483182833989462,0.6154901107726126,0.6151555549105009,0.061431789689024456,0.006000000052154064,0.0,0.006000000052154064,0.0,0.006000000052154064,0.0,0.006000000052154064,0.0,0.9760000109672546,0.0,88,108.106600522995
12.811807565689087,0.8687880859824374,0.7481333334445953,0.06507417966817815,0.006000000052154064,0.0,0.006000000052154064,0.0,0.006000000052154064,0.0,0.006000000052154064,0.0,0.9760000109672546,0.0,0.0010000000000000005,4.336808689942018e-19,14.719633585611978,0.5543877863648656,0.5966888871788979,0.06068131448116719,0.006000000052154064,0.0,0.006000000052154064,0.0,0.006000000052154064,0.0,0.006000000052154064,0.0,0.9760000109672546,0.0,89,106.77812790870667
12.808092460632324,0.8674399014686247,0.7474533331394195,0.06503881807395666,0.006000000052154064,0.0,0.006000000052154064,0.0,0.006000000052154064,0.0,0.006000000052154064,0.0,0.9760000109672546,0.0,0.0010000000000000005,4.336808689942018e-19,14.642472063700358,0.5715684836747177,0.6097111094991366,0.062159217416040774,0.006000000052154064,0.0,0.006000000052154064,0.0,0.006000000052154064,0.0,0.006000000052154064,0.0,0.9760000109672546,0.0,90,107.1025927066803
12.767585289001465,0.8579718807405197,0.7532666655778885,0.06320404263465046,0.006000000052154064,0.0,0.006000000052154064,0.0,0.006000000052154064,0.0,0.006000000052154064,0.0,0.9760000109672546,0.0,0.0010000000000000005,4.336808689942018e-19,14.821311305363974,0.5441397444678282,0.6055333325266838,0.06199202994125612,0.006000000052154064,0.0,0.006000000052154064,0.0,0.006000000052154064,0.0,0.006000000052154064,0.0,0.9760000109672546,0.0,91,107.85564303398132
12.799229944229126,0.848484635777291,0.7487333344221115,0.06599053802553764,0.006000000052154064,0.0,0.006000000052154064,0.0,0.006000000052154064,0.0,0.006000000052154064,0.0,0.9760000109672546,0.0,0.0010000000000000005,4.336808689942018e-19,14.620094884236654,0.5796995824778829,0.6104666656255722,0.0613979506634004,0.006000000052154064,0.0,0.006000000052154064,0.0,0.006000000052154064,0.0,0.006000000052154064,0.0,0.9760000109672546,0.0,92,106.79424929618835
12.726466636657715,0.8864553219483392,0.7553333331346512,0.06470102068710187,0.006000000052154064,0.0,0.006000000052154064,0.0,0.006000000052154064,0.0,0.006000000052154064,0.0,0.9760000109672546,0.0,0.0010000000000000005,4.336808689942018e-19,14.609895757039387,0.5269631149238782,0.6045555537939071,0.06451519047407915,0.006000000052154064,0.0,0.006000000052154064,0.0,0.006000000052154064,0.0,0.006000000052154064,0.0,0.9760000109672546,0.0,93,107.36712884902954
12.768753150939942,0.9159379504061714,0.7520000003576278,0.06491019456485263,0.006000000052154064,0.0,0.006000000052154064,0.0,0.006000000052154064,0.0,0.006000000052154064,0.0,0.9760000109672546,0.0,0.0010000000000000005,4.336808689942018e-19,14.596464980443319,0.5803838965756477,0.6144666667779287,0.06078539032048203,0.006000000052154064,0.0,0.006000000052154064,0.0,0.006000000052154064,0.0,0.006000000052154064,0.0,0.9760000109672546,0.0,94,107.83749675750732
12.77318989753723,0.8919479040306451,0.7526933326721191,0.06738110044644131,0.006000000052154064,0.0,0.006000000052154064,0.0,0.006000000052154064,0.0,0.006000000052154064,0.0,0.9760000109672546,0.0,0.0010000000000000005,4.336808689942018e-19,14.574880040486654,0.6006077126734828,0.6125555551052093,0.05840461414069607,0.006000000052154064,0.0,0.006000000052154064,0.0,0.006000000052154064,0.0,0.006000000052154064,0.0,0.9760000109672546,0.0,95,107.2436888217926
12.79269984817505,0.908472516766313,0.7507599998116493,0.06896086024229023,0.006000000052154064,0.0,0.006000000052154064,0.0,0.006000000052154064,0.0,0.006000000052154064,0.0,0.9760000109672546,0.0,0.0010000000000000005,4.336808689942018e-19,14.592187385559082,0.5684996208173541,0.611377777159214,0.06240155193783999,0.006000000052154064,0.0,0.006000000052154064,0.0,0.006000000052154064,0.0,0.006000000052154064,0.0,0.9760000109672546,0.0,96,106.76797580718994
12.7653701171875,0.8304630427506402,0.7536133338212967,0.06109673134842319,0.006000000052154064,0.0,0.006000000052154064,0.0,0.006000000052154064,0.0,0.006000000052154064,0.0,0.9760000109672546,0.0,0.0010000000000000005,4.336808689942018e-19,14.600241632461548,0.6190945426071189,0.6146888875961304,0.061942145066701086,0.006000000052154064,0.0,0.006000000052154064,0.0,0.006000000052154064,0.0,0.006000000052154064,0.0,0.9760000109672546,0.0,97,107.87943625450134
12.743464572906493,0.8664414118617232,0.7544000005722046,0.06286295530796318,0.006000000052154064,0.0,0.006000000052154064,0.0,0.006000000052154064,0.0,0.006000000052154064,0.0,0.9760000109672546,0.0,0.0010000000000000005,4.336808689942018e-19,14.645812953313191,0.5869426017692417,0.61091111044089,0.062012419139053816,0.006000000052154064,0.0,0.006000000052154064,0.0,0.006000000052154064,0.0,0.006000000052154064,0.0,0.9760000109672546,0.0,98,108.05498671531677
12.693221864700318,0.8554368542038284,0.7603466665148735,0.06136567777841039,0.006000000052154064,0.0,0.006000000052154064,0.0,0.006000000052154064,0.0,0.006000000052154064,0.0,0.9760000109672546,0.0,0.0010000000000000005,4.336808689942018e-19,14.359820868174236,0.6204940433990269,0.614511111776034,0.0606063653314508,0.006000000052154064,0.0,0.006000000052154064,0.0,0.006000000052154064,0.0,0.006000000052154064,0.0,0.9760000109672546,0.0,99,106.68294501304626
12.666364673614503,0.8969842606665948,0.7602533336877823,0.06487477037050707,0.006000000052154064,0.0,0.006000000052154064,0.0,0.006000000052154064,0.0,0.006000000052154064,0.0,0.9760000109672546,0.0,0.0010000000000000005,4.336808689942018e-19,14.683324378331502,0.5694600456204175,0.6085999987522761,0.06106192487753719,0.006000000052154064,0.0,0.006000000052154064,0.0,0.006000000052154064,0.0,0.006000000052154064,0.0,0.9760000109672546,0.0,100,107.69727087020874
